wall_time,relative_time,event,detail
1780710455.993119,0.011962,session_created,nav_test_20260606_094735
1780710460.640712,4.659555,q,keyboard interrupt
